,Symbol,Name,Sector,Valuation Score,Momentum Score,Fundamental Score,Short Term Score,Long Term Score
0,SHW,Sherwin-Williams Co,Materials,-39.0,-32.0,-9.0,-53.0,-69.0
1,DTE,DTE Energy Co,Utilities,19.0,-90.0,-48.0,-95.0,-59.0
2,LOW,Lowe's Companies Inc,Consumer Discretionary,-8.0,-8.0,60.0,4.0,4.0
3,WBA,Walgreens Boots Alliance Inc,Consumer Staples,84.0,107.0,-13.0,81.0,87.0
4,MAR,Marriott International Inc,Consumer Discretionary,-80.0,-2.0,-196.0,-124.0,-193.0
5,EMR,Emerson Electric Co,Industrials,-6.0,42.0,-29.0,1.0,-24.0
6,WEC,WEC Energy Group Inc,Utilities,-13.0,-117.0,-30.0,-116.0,-86.0
7,LEG,Leggett & Platt Inc,Consumer Discretionary,19.0,-109.0,-22.0,-98.0,-52.0
8,REG,Regency Centers Corp,Real Estate,-17.0,-23.0,-17.0,-43.0,-50.0
9,MS,Morgan Stanley,Financials,-1.0,103.0,-17.0,52.0,9.0
10,BLK,BlackRock Inc,Financials,10.0,42.0,115.0,69.0,67.0
11,WYNN,Wynn Resorts Ltd,Consumer Discretionary,-97.0,-0.0,-180.0,-121.0,-199.0
12,HOLX,Hologic Inc,Health Care,9.0,70.0,18.0,46.0,24.0
13,BRKb,Berkshire Hathaway Inc,Financials,31.0,8.0,25.0,11.0,26.0
14,DVN,Devon Energy Corp,Energy,91.0,197.0,-106.0,108.0,75.0
15,ALLE,Allegion PLC,Industrials,-33.0,-64.0,-30.0,-83.0,-86.0
16,PEAK,Healthpeak Properties Inc,Real Estate,-68.0,-88.0,-26.0,-109.0,-123.0
17,DLTR,Dollar Tree Inc,Consumer Discretionary,25.0,17.0,34.0,19.0,28.0
18,PAYX,Paychex Inc,Information Technology,-36.0,-24.0,265.0,72.0,82.0
19,AAL,American Airlines Group Inc,Industrials,-73.0,49.0,-443.0,-192.0,-300.0
20,TER,Teradyne Inc,Information Technology,-18.0,110.0,170.0,133.0,94.0
21,WDC,Western Digital Corp,Information Technology,115.0,57.0,-3.0,58.0,102.0
22,PWR,Quanta Services Inc,Industrials,27.0,192.0,49.0,152.0,99.0
23,XOM,Exxon Mobil Corp,Energy,45.0,-22.0,21.0,-8.0,26.0
24,CMA,Comerica Inc,Financials,98.0,63.0,-124.0,5.0,25.0
25,DISCK,Discovery Inc,Communication Services,83.0,363.0,-46.0,251.0,159.0
26,NDAQ,Nasdaq Inc,Financials,0.0,-11.0,-4.0,-24.0,-24.0
27,DPZ,Domino's Pizza Inc,Consumer Discretionary,-73.0,-20.0,-522.0,-276.0,-366.0
28,HES,Hess Corp,Energy,-46.0,32.0,-79.0,-39.0,-89.0
29,BXP,Boston Properties Inc,Real Estate,-29.0,-66.0,-45.0,-91.0,-91.0
30,BEN,Franklin Resources Inc,Financials,139.0,85.0,1.0,87.0,136.0
31,APA,Apache Corp,Energy,74.0,-19.0,-142.0,-69.0,-35.0
32,AMAT,Applied Materials Inc,Information Technology,-8.0,240.0,108.0,203.0,117.0
33,FLT,Fleetcor Technologies Inc,Information Technology,-16.0,-100.0,36.0,-76.0,-49.0
34,ZION,Zions Bancorporation NA,Financials,128.0,73.0,-25.0,64.0,108.0
35,RF,Regions Financial Corp,Financials,169.0,93.0,-19.0,92.0,153.0
36,DISH,DISH Network Corp,Communication Services,95.0,-101.0,-263.0,-174.0,-109.0
37,PEG,Public Service Enterprise Group Inc,Utilities,24.0,-77.0,-56.0,-88.0,-54.0
38,ALL,Allstate Corp,Financials,158.0,-9.0,41.0,42.0,140.0
39,SLB,Schlumberger NV,Energy,37.0,27.0,115.0,66.0,85.0
40,PGR,Progressive Corp,Financials,31.0,-53.0,14.0,-38.0,-1.0
41,NOV,Nov Inc,Energy,-19.0,5.0,-26.0,-28.0,-47.0
42,SWKS,Skyworks Solutions Inc,Information Technology,-0.0,66.0,151.0,98.0,85.0
43,EL,Estee Lauder Companies Inc,Consumer Staples,-66.0,23.0,90.0,22.0,-21.0
44,NOC,Northrop Grumman Corp,Industrials,34.0,-105.0,-0.0,-81.0,-25.0
45,PKG,Packaging Corp of America,Materials,17.0,89.0,-8.0,51.0,25.0
46,CSX,CSX Corp,Industrials,1.0,9.0,27.0,4.0,0.0
47,MSCI,MSCI Inc,Financials,-76.0,32.0,142.0,48.0,1.0
48,CERN,Cerner Corp,Health Care,-29.0,6.0,74.0,14.0,-2.0
49,MGM,MGM Resorts International,Consumer Discretionary,-110.0,86.0,-124.0,-38.0,-150.0
50,ANSS,ANSYS Inc,Information Technology,-82.0,39.0,42.0,8.0,-55.0
51,UNH,UnitedHealth Group Inc,Health Care,16.0,-17.0,77.0,11.0,31.0
52,ALGN,Align Technology Inc,Health Care,-96.0,230.0,234.0,226.0,103.0
53,NLSN,Nielsen Holdings PLC,Industrials,44.0,201.0,-82.0,107.0,48.0
54,TTWO,Take-Two Interactive Software Inc,Communication Services,-65.0,141.0,184.0,148.0,71.0
55,BIO,Bio Rad Laboratories Inc,Health Care,-63.0,48.0,77.0,35.0,-16.0
56,CAG,Conagra Brands Inc,Consumer Staples,36.0,-59.0,-37.0,-63.0,-26.0
57,XLNX,Xilinx Inc,Information Technology,-72.0,63.0,56.0,34.0,-30.0
58,INCY,Incyte Corp,Health Care,-43.0,-31.0,165.0,22.0,21.0
59,ADBE,Adobe Inc,Information Technology,-69.0,-6.0,172.0,35.0,10.0
60,NTRS,Northern Trust Corp,Financials,3.0,-28.0,-82.0,-70.0,-68.0
61,SPGI,S&P Global Inc,Financials,-49.0,-88.0,162.0,-22.0,-7.0
62,CVX,Chevron Corp,Energy,97.0,-63.0,-106.0,-78.0,-11.0
63,AIZ,Assurant Inc,Financials,107.0,11.0,36.0,40.0,99.0
64,PRGO,Perrigo Company PLC,Health Care,122.0,-149.0,10.0,-83.0,42.0
65,CNC,Centene Corp,Health Care,73.0,-98.0,0.0,-64.0,12.0
66,AKAM,Akamai Technologies Inc,Information Technology,-11.0,15.0,53.0,16.0,6.0
67,COG,Cabot Oil & Gas Corp,Energy,106.0,-17.0,-5.0,1.0,67.0
68,BIIB,Biogen Inc,Health Care,57.0,-22.0,-41.0,-32.0,3.0
69,K,Kellogg Co,Consumer Staples,6.0,-107.0,-66.0,-119.0,-86.0
70,EQIX,Equinix Inc,Real Estate,-83.0,-36.0,66.0,-36.0,-69.0
71,DD,Dupont De Nemours Inc,Materials,-15.0,142.0,-54.0,60.0,-10.0
72,WFC,Wells Fargo & Co,Financials,128.0,0.0,-20.0,14.0,85.0
73,SJM,J M Smucker Co,Consumer Staples,42.0,6.0,-39.0,-16.0,0.0
74,ZBRA,Zebra Technologies Corp,Information Technology,-50.0,166.0,5.0,93.0,-1.0
75,CPRT,Copart Inc,Industrials,-52.0,-31.0,90.0,-13.0,-28.0
76,BFb,Brown-Forman Corp,Consumer Staples,-68.0,-45.0,37.0,-51.0,-74.0
77,NOW,ServiceNow Inc,Information Technology,-100.0,97.0,118.0,78.0,-9.0
78,TT,Trane Technologies PLC,Industrials,-33.0,50.0,-8.0,9.0,-33.0
79,IBM,International Business Machines Corp,Information Technology,59.0,-72.0,-71.0,-80.0,-28.0
80,PAYC,Paycom Software Inc,Information Technology,-105.0,4.0,125.0,12.0,-43.0
81,DXC,DXC Technology Co,Information Technology,132.0,116.0,-152.0,41.0,59.0
82,NFLX,Netflix Inc,Communication Services,-74.0,56.0,208.0,94.0,46.0
83,GL,Globe Life Inc,Financials,89.0,-46.0,33.0,-8.0,62.0
84,HON,Honeywell International Inc,Industrials,-28.0,31.0,-35.0,-15.0,-50.0
85,APTV,Aptiv PLC,Consumer Discretionary,-47.0,158.0,-45.0,66.0,-28.0
86,GIS,General Mills Inc,Consumer Staples,3.0,-40.0,-35.0,-58.0,-48.0
87,NRG,NRG Energy Inc,Utilities,113.0,54.0,14.0,63.0,108.0
88,SEE,Sealed Air Corp,Materials,23.0,-7.0,-18.0,-21.0,-9.0
89,ROST,Ross Stores Inc,Consumer Discretionary,-29.0,18.0,88.0,28.0,10.0
90,BMY,Bristol-Myers Squibb Co,Health Care,120.0,-36.0,106.0,39.0,131.0
91,ALB,Albemarle Corp,Materials,-62.0,402.0,6.0,260.0,72.0
92,APD,Air Products and Chemicals Inc,Materials,-27.0,-69.0,29.0,-60.0,-50.0
93,DOW,Dow Inc,Materials,57.0,-3.0,-108.0,-47.0,-26.0
94,REGN,Regeneron Pharmaceuticals Inc,Health Care,43.0,-41.0,158.0,37.0,89.0
95,XRX,Xerox Holdings Corp,Information Technology,167.0,-41.0,-141.0,-57.0,40.0
96,OXY,Occidental Petroleum Corp,Energy,23.0,142.0,-155.0,27.0,-29.0
97,VTR,Ventas Inc,Real Estate,-44.0,-79.0,-53.0,-107.0,-112.0
98,PNW,Pinnacle West Capital Corp,Utilities,45.0,-145.0,-35.0,-121.0,-48.0
99,AFL,Aflac Inc,Financials,140.0,15.0,33.0,51.0,129.0
100,AON,Aon PLC,Financials,1.0,-63.0,53.0,-36.0,-11.0
101,LMT,Lockheed Martin Corp,Industrials,48.0,-150.0,-23.0,-119.0,-40.0
102,ZTS,Zoetis Inc,Health Care,-68.0,-49.0,72.0,-38.0,-57.0
103,ABC,Amerisourcebergen Corp,Health Care,64.0,-4.0,-31.0,-13.0,21.0
104,CDNS,Cadence Design Systems Inc,Information Technology,-82.0,126.0,96.0,94.0,5.0
105,EA,Electronic Arts Inc,Communication Services,-30.0,40.0,128.0,61.0,37.0
106,ORLY,O'Reilly Automotive Inc,Consumer Discretionary,-13.0,-86.0,0.0,-81.0,-60.0
107,FITB,Fifth Third Bancorp,Financials,130.0,40.0,-21.0,43.0,101.0
108,CHRW,CH Robinson Worldwide Inc,Industrials,-5.0,-51.0,67.0,-24.0,-5.0
109,ECL,Ecolab Inc,Materials,-61.0,-40.0,-2.0,-62.0,-87.0
110,PHM,Pultegroup Inc,Consumer Discretionary,230.0,-111.0,54.0,-6.0,174.0
111,EXR,Extra Space Storage Inc,Real Estate,-58.0,-35.0,-23.0,-67.0,-94.0
112,VRSN,Verisign Inc,Information Technology,-69.0,-74.0,-614.0,-354.0,-430.0
113,TXT,Textron Inc,Industrials,63.0,39.0,48.0,52.0,77.0
114,EBAY,eBay Inc,Consumer Discretionary,11.0,55.0,188.0,110.0,111.0
115,BAC,Bank of America Corp,Financials,119.0,0.0,-58.0,-6.0,56.0
116,PYPL,PayPal Holdings Inc,Information Technology,-88.0,163.0,206.0,167.0,71.0
117,CMCSA,Comcast Corp,Communication Services,46.0,22.0,3.0,16.0,32.0
118,EQR,Equity Residential,Real Estate,-52.0,-5.0,-23.0,-43.0,-78.0
119,SBUX,Starbucks Corp,Consumer Discretionary,-55.0,17.0,77.0,15.0,-20.0
120,EW,Edwards Lifesciences Corp,Health Care,-65.0,-23.0,92.0,-11.0,-35.0
121,TMO,Thermo Fisher Scientific Inc,Health Care,-44.0,83.0,79.0,67.0,15.0
122,SLG,SL Green Realty Corp,Real Estate,21.0,86.0,-58.0,28.0,-0.0
123,HPE,Hewlett Packard Enterprise Co,Information Technology,168.0,66.0,-60.0,56.0,122.0
124,ENPH,Enphase Energy Inc,Information Technology,-107.0,1089.0,203.0,829.0,380.0
125,HAS,Hasbro Inc,Consumer Discretionary,-15.0,-24.0,-4.0,-38.0,-42.0
126,IR,Ingersoll Rand Inc,Industrials,-40.0,48.0,-46.0,-12.0,-61.0
127,KHC,Kraft Heinz Co,Consumer Staples,89.0,-22.0,-72.0,-36.0,15.0
128,HAL,Halliburton Co,Energy,57.0,20.0,-43.0,-2.0,17.0
129,BR,Broadridge Financial Solutions Inc,Information Technology,-33.0,-26.0,6.0,-41.0,-54.0
130,QCOM,Qualcomm Inc,Information Technology,-26.0,219.0,60.0,162.0,68.0
131,ATVI,Activision Blizzard Inc,Communication Services,-38.0,83.0,149.0,99.0,57.0
132,DGX,Quest Diagnostics Inc,Health Care,64.0,-27.0,28.0,-4.0,43.0
133,TDG,TransDigm Group Inc,Industrials,-59.0,-25.0,-177.0,-127.0,-173.0
134,LNC,Lincoln National Corp,Financials,363.0,-57.0,56.0,73.0,312.0
135,IPG,Interpublic Group of Companies Inc,Communication Services,58.0,43.0,-55.0,9.0,19.0
136,JNPR,Juniper Networks Inc,Information Technology,63.0,-3.0,25.0,12.0,50.0
137,TMUS,T-Mobile US Inc,Communication Services,-24.0,91.0,-77.0,10.0,-48.0
138,CTLT,Catalent Inc,Health Care,-54.0,184.0,17.0,110.0,9.0
139,ESS,Essex Property Trust Inc,Real Estate,-58.0,-43.0,-23.0,-73.0,-97.0
140,WLTW,Willis Towers Watson PLC,Financials,15.0,-61.0,67.0,-25.0,10.0
141,JBHT,J B Hunt Transport Services Inc,Industrials,8.0,-3.0,103.0,30.0,43.0
142,AMGN,Amgen Inc,Health Care,11.0,-20.0,-31.0,-40.0,-32.0
143,TAP,Molson Coors Beverage Co,Consumer Staples,102.0,114.0,-77.0,64.0,72.0
144,EFX,Equifax Inc,Industrials,-42.0,18.0,32.0,-0.0,-32.0
145,UAL,United Airlines Holdings Inc,Industrials,99.0,-108.0,-282.0,-187.0,-118.0
146,DISCA,Discovery Inc,Communication Services,80.0,438.0,47.0,345.0,232.0
147,GRMN,Garmin Ltd,Consumer Discretionary,-25.0,20.0,95.0,34.0,17.0
148,NI,NiSource Inc,Utilities,36.0,-126.0,-63.0,-123.0,-64.0
149,ILMN,Illumina Inc,Health Care,-95.0,98.0,69.0,59.0,-30.0
150,CSCO,Cisco Systems Inc,Information Technology,45.0,-10.0,119.0,42.0,82.0
151,FRC,First Republic Bank,Financials,31.0,60.0,-6.0,35.0,27.0
152,MDLZ,Mondelez International Inc,Consumer Staples,-7.0,-46.0,4.0,-48.0,-38.0
153,FLIR,FLIR Systems Inc,Information Technology,-19.0,82.0,7.0,42.0,-2.0
154,VNO,Vornado Realty Trust,Real Estate,-40.0,-62.0,-40.0,-88.0,-96.0
155,LHX,L3harris Technologies Inc,Industrials,73.0,-83.0,50.0,-32.0,44.0
156,NKE,Nike Inc,Consumer Discretionary,-68.0,68.0,215.0,108.0,60.0
157,MRO,Marathon Oil Corp,Energy,52.0,105.0,-218.0,-18.0,-50.0
158,ANTM,Anthem Inc,Health Care,80.0,-44.0,46.0,-3.0,62.0
159,PPL,PPL Corp,Utilities,63.0,-110.0,-168.0,-149.0,-90.0
160,CCI,Crown Castle International Corp,Real Estate,-74.0,-62.0,8.0,-77.0,-101.0
161,FAST,Fastenal Co,Industrials,-40.0,-14.0,96.0,5.0,-7.0
162,RJF,Raymond James Financial Inc,Financials,-2.0,98.0,-47.0,35.0,-10.0
163,FCX,Freeport-McMoRan Inc,Materials,125.0,406.0,150.0,380.0,315.0
164,LNT,Alliant Energy Corp,Utilities,-1.0,-139.0,-33.0,-130.0,-86.0
165,NWSA,News Corp,Communication Services,7.0,208.0,242.0,243.0,190.0
166,TSLA,Tesla Inc,Consumer Discretionary,-108.0,1194.0,1645.0,1530.0,1180.0
167,FFIV,F5 Networks Inc,Information Technology,6.0,207.0,149.0,202.0,140.0
168,MCD,Mcdonald's Corp,Consumer Discretionary,-40.0,-60.0,-47.0,-90.0,-99.0
169,ADSK,Autodesk Inc,Information Technology,-94.0,55.0,81.0,33.0,-38.0
170,HST,Host Hotels & Resorts Inc,Real Estate,-140.0,8.0,-43.0,-68.0,-161.0
171,XEL,Xcel Energy Inc,Utilities,-21.0,-107.0,-7.0,-101.0,-78.0
172,IDXX,IDEXX Laboratories Inc,Health Care,-100.0,100.0,101.0,73.0,-17.0
173,LB,L Brands Inc,Consumer Discretionary,52.0,147.0,-106.0,61.0,24.0
174,PCAR,Paccar Inc,Industrials,35.0,-8.0,174.0,66.0,103.0
175,PSA,Public Storage,Real Estate,-54.0,-21.0,60.0,-20.0,-42.0
176,PVH,PVH Corp,Consumer Discretionary,94.0,74.0,-95.0,25.0,41.0
177,KO,Coca-Cola Co,Consumer Staples,-39.0,-84.0,-36.0,-102.0,-101.0
178,HRL,Hormel Foods Corp,Consumer Staples,-27.0,-47.0,52.0,-34.0,-31.0
179,TEL,TE Connectivity Ltd,Information Technology,-5.0,71.0,40.0,53.0,24.0
180,JPM,JPMorgan Chase & Co,Financials,52.0,53.0,-36.0,23.0,28.0
181,GE,General Electric Co,Industrials,-6.0,128.0,1528.0,738.0,832.0
182,FLS,Flowserve Corp,Industrials,3.0,-28.0,-53.0,-57.0,-53.0
183,CDW,CDW Corp,Information Technology,-19.0,-42.0,230.0,49.0,73.0
184,BDX,Becton Dickinson and Co,Health Care,-22.0,-27.0,32.0,-27.0,-30.0
185,MMC,Marsh & McLennan Companies Inc,Financials,-6.0,-68.0,-0.0,-66.0,-48.0
186,WELL,Welltower Inc,Real Estate,-41.0,-93.0,-34.0,-109.0,-105.0
187,MSFT,Microsoft Corp,Information Technology,-51.0,51.0,144.0,69.0,31.0
188,VFC,VF Corp,Consumer Discretionary,-41.0,-17.0,-3.0,-40.0,-61.0
189,GPN,Global Payments Inc,Information Technology,-6.0,-73.0,76.0,-37.0,-9.0
190,MRK,Merck & Co Inc,Health Care,39.0,-59.0,63.0,-19.0,29.0
191,PG,Procter & Gamble Co,Consumer Staples,-19.0,-59.0,52.0,-40.0,-28.0
192,FANG,Diamondback Energy Inc,Energy,174.0,227.0,47.0,220.0,241.0
193,UNP,Union Pacific Corp,Industrials,-11.0,-8.0,6.0,-21.0,-27.0
194,FB,Facebook Inc,Communication Services,2.0,-41.0,201.0,43.0,75.0
195,PXD,Pioneer Natural Resources Co,Energy,47.0,67.0,58.0,72.0,78.0
196,RE,Everest Re Group Ltd,Financials,182.0,-95.0,59.0,-5.0,141.0
197,CTXS,Citrix Systems Inc,Information Technology,-20.0,4.0,81.0,18.0,9.0
198,TSN,Tyson Foods Inc,Consumer Staples,111.0,-48.0,-14.0,-24.0,55.0
199,KSU,Kansas City Southern,Industrials,-4.0,46.0,42.0,36.0,17.0
200,WMT,Walmart Inc,Consumer Staples,-18.0,12.0,3.0,-10.0,-27.0
201,NVR,NVR Inc,Consumer Discretionary,51.0,-13.0,121.0,43.0,87.0
202,IFF,International Flavors & Fragrances Inc,Materials,21.0,-94.0,-46.0,-96.0,-57.0
203,KLAC,KLA Corp,Information Technology,-31.0,174.0,65.0,130.0,51.0
204,MTB,M&T Bank Corp,Financials,122.0,21.0,-77.0,2.0,56.0
205,HBAN,Huntington Bancshares Inc,Financials,193.0,62.0,-6.0,83.0,171.0
206,DLR,Digital Realty Trust Inc,Real Estate,-81.0,-54.0,-7.0,-80.0,-112.0
207,MTD,Mettler-Toledo International Inc,Health Care,-79.0,96.0,94.0,73.0,-4.0
208,CB,Chubb Ltd,Financials,86.0,-33.0,27.0,-2.0,61.0
209,PEP,PepsiCo Inc,Consumer Staples,-31.0,-59.0,-17.0,-73.0,-75.0
210,ABMD,ABIOMED Inc,Health Care,-89.0,157.0,78.0,107.0,0.0
211,MCK,Mckesson Corp,Health Care,82.0,37.0,37.0,52.0,87.0
212,EVRG,Evergy Inc,Utilities,37.0,-143.0,-34.0,-122.0,-54.0
213,MMM,3M Co,Industrials,2.0,5.0,-8.0,-14.0,-19.0
214,MAA,Mid-America Apartment Communities Inc,Real Estate,-57.0,-15.0,11.0,-37.0,-68.0
215,WM,Waste Management Inc,Industrials,-17.0,-51.0,-51.0,-79.0,-78.0
216,AJG,Arthur J Gallagher & Co,Financials,-11.0,4.0,12.0,-10.0,-20.0
217,WHR,Whirlpool Corp,Consumer Discretionary,121.0,-41.0,-64.0,-37.0,40.0
218,RTX,Raytheon Technologies Corp,Industrials,58.0,-44.0,87.0,8.0,64.0
219,HSY,Hershey Co,Consumer Staples,-31.0,-45.0,16.0,-50.0,-53.0
220,CMG,Chipotle Mexican Grill Inc,Consumer Discretionary,-92.0,119.0,193.0,128.0,45.0
221,ORCL,Oracle Corp,Information Technology,27.0,8.0,-19.0,-10.0,-2.0
222,COST,Costco Wholesale Corp,Consumer Staples,-46.0,-1.0,110.0,19.0,-1.0
223,VIAC,ViacomCBS Inc,Communication Services,62.0,316.0,-86.0,194.0,103.0
224,TDY,Teledyne Technologies Inc,Industrials,-33.0,-13.0,46.0,-14.0,-27.0
225,ED,Consolidated Edison Inc,Utilities,49.0,-124.0,-48.0,-111.0,-44.0
226,STX,Seagate Technology PLC,Information Technology,44.0,140.0,-2.0,98.0,69.0
227,APH,Amphenol Corp,Information Technology,-33.0,14.0,29.0,-2.0,-27.0
228,WAB,Westinghouse Air Brake Technologies Corp,Industrials,43.0,-7.0,-3.0,-8.0,16.0
229,PNC,PNC Financial Services Group Inc,Financials,102.0,52.0,-12.0,47.0,84.0
230,FE,FirstEnergy Corp,Utilities,48.0,-111.0,-122.0,-134.0,-80.0
231,CCL,Carnival Corp,Consumer Discretionary,37.0,-49.0,-351.0,-192.0,-189.0
232,HLT,Hilton Worldwide Holdings Inc,Consumer Discretionary,-76.0,4.0,-138.0,-94.0,-157.0
233,MCHP,Microchip Technology Inc,Information Technology,-26.0,79.0,-10.0,30.0,-19.0
234,AZO,Autozone Inc,Consumer Discretionary,18.0,-81.0,-66.0,-96.0,-65.0
235,WAT,Waters Corp,Health Care,-60.0,48.0,-31.0,-11.0,-70.0
236,WRK,Westrock Co,Materials,132.0,26.0,65.0,70.0,142.0
237,CINF,Cincinnati Financial Corp,Financials,47.0,-56.0,-9.0,-46.0,-1.0
238,FTV,Fortive Corp,Industrials,-37.0,-39.0,-84.0,-90.0,-109.0
239,TJX,TJX Companies Inc,Consumer Discretionary,-22.0,18.0,56.0,16.0,-1.0
240,NSC,Norfolk Southern Corp,Industrials,0.0,23.0,28.0,14.0,5.0
241,LRCX,Lam Research Corp,Information Technology,-15.0,133.0,180.0,155.0,112.0
242,KMX,Carmax Inc,Consumer Discretionary,-39.0,32.0,-67.0,-32.0,-77.0
243,MHK,Mohawk Industries Inc,Consumer Discretionary,84.0,155.0,-36.0,106.0,93.0
244,KEY,KeyCorp,Financials,124.0,26.0,-17.0,33.0,92.0
245,BA,Boeing Co,Industrials,-46.0,-90.0,-155.0,-160.0,-172.0
246,FOXA,Fox Corp,Communication Services,82.0,8.0,-37.0,-1.0,38.0
247,J,Jacobs Engineering Group Inc,Industrials,43.0,-12.0,48.0,9.0,41.0
248,AVY,Avery Dennison Corp,Materials,-16.0,14.0,-1.0,-10.0,-28.0
249,LLY,Eli Lilly and Co,Health Care,-44.0,209.0,27.0,135.0,31.0
250,SIVB,SVB Financial Group,Financials,212.0,330.0,-24.0,274.0,273.0
251,CTVA,Corteva Inc,Materials,26.0,126.0,90.0,123.0,98.0
252,CXO,Concho Resources Inc,Energy,148.0,16.0,163.0,110.0,205.0
253,LUV,Southwest Airlines Co,Industrials,95.0,-14.0,-152.0,-63.0,-20.0
254,GILD,Gilead Sciences Inc,Health Care,98.0,-19.0,-23.0,-10.0,50.0
255,ES,Eversource Energy,Utilities,-8.0,-86.0,-30.0,-92.0,-72.0
256,V,Visa Inc,Information Technology,-51.0,-70.0,179.0,-2.0,7.0
257,ITW,Illinois Tool Works Inc,Industrials,-43.0,-55.0,4.0,-65.0,-73.0
258,GPS,Gap Inc,Consumer Discretionary,90.0,-18.0,-44.0,-21.0,32.0
259,PBCT,People's United Financial Inc,Financials,167.0,15.0,-22.0,35.0,123.0
260,ABT,Abbott Laboratories,Health Care,-32.0,76.0,46.0,51.0,5.0
261,CPRI,Capri Holdings Ltd,Consumer Discretionary,58.0,429.0,-66.0,284.0,150.0
262,AXP,American Express Co,Financials,13.0,-6.0,-31.0,-29.0,-25.0
263,SPG,Simon Property Group Inc,Real Estate,-36.0,23.0,-93.0,-49.0,-91.0
264,JNJ,Johnson & Johnson,Health Care,23.0,33.0,-11.0,11.0,8.0
265,ULTA,Ulta Beauty Inc,Consumer Discretionary,-32.0,65.0,38.0,40.0,-3.0
266,ZBH,Zimmer Biomet Holdings Inc,Health Care,-6.0,-22.0,-14.0,-38.0,-39.0
267,LW,Lamb Weston Holdings Inc,Consumer Staples,-38.0,-23.0,-36.0,-57.0,-78.0
268,UNM,Unum Group,Financials,379.0,1.0,-18.0,88.0,307.0
269,GS,Goldman Sachs Group Inc,Financials,78.0,99.0,-36.0,64.0,67.0
270,ADP,Automatic Data Processing Inc,Information Technology,-40.0,-24.0,126.0,11.0,5.0
271,CMS,CMS Energy Corp,Utilities,-7.0,-130.0,-50.0,-132.0,-97.0
272,WY,Weyerhaeuser Co,Real Estate,-18.0,-61.0,-20.0,-72.0,-66.0
273,CBOE,Cboe Global Markets Inc,Financials,10.0,-41.0,37.0,-25.0,-4.0
274,O,Realty Income Corp,Real Estate,-43.0,-123.0,-18.0,-124.0,-109.0
275,ROP,Roper Technologies Inc,Industrials,-42.0,-58.0,-39.0,-85.0,-96.0
276,FDX,FedEx Corp,Industrials,61.0,59.0,75.0,78.0,97.0
277,AMCR,Amcor PLC,Materials,20.0,-41.0,-11.0,-44.0,-21.0
278,XRAY,DENTSPLY SIRONA Inc,Health Care,-8.0,-2.0,25.0,-8.0,-13.0
279,MLM,Martin Marietta Materials Inc,Materials,-26.0,24.0,8.0,-1.0,-28.0
280,KMI,Kinder Morgan Inc,Energy,68.0,-83.0,-87.0,-93.0,-33.0
281,HBI,HanesBrands Inc,Consumer Discretionary,63.0,-70.0,-88.0,-85.0,-34.0
282,AEP,American Electric Power Company Inc,Utilities,17.0,-127.0,-39.0,-119.0,-69.0
283,AVB,Avalonbay Communities Inc,Real Estate,-46.0,-56.0,-15.0,-75.0,-86.0
284,INTC,Intel Corp,Information Technology,77.0,8.0,31.0,27.0,69.0
285,DRI,Darden Restaurants Inc,Consumer Discretionary,-2.0,32.0,189.0,90.0,92.0
286,LKQ,LKQ Corp,Consumer Discretionary,60.0,-28.0,-24.0,-28.0,13.0
287,ABBV,Abbvie Inc,Health Care,62.0,49.0,-69.0,9.0,18.0
288,ATO,Atmos Energy Corp,Utilities,43.0,-128.0,-3.0,-96.0,-27.0
289,PRU,Prudential Financial Inc,Financials,344.0,-24.0,-13.0,61.0,270.0
290,KEYS,Keysight Technologies Inc,Information Technology,-37.0,190.0,117.0,163.0,79.0
291,SRE,Sempra Energy,Utilities,30.0,-109.0,-26.0,-96.0,-43.0
292,C,Citigroup Inc,Financials,160.0,-17.0,-68.0,-10.0,82.0
293,L,Loews Corp,Financials,316.0,25.0,22.0,104.0,281.0
294,ALK,Alaska Air Group Inc,Industrials,133.0,6.0,-174.0,-48.0,9.0
295,TGT,Target Corp,Consumer Discretionary,-9.0,168.0,42.0,122.0,56.0
296,LDOS,Leidos Holdings Inc,Information Technology,8.0,31.0,21.0,19.0,12.0
297,ICE,Intercontinental Exchange Inc,Financials,-27.0,32.0,40.0,18.0,-9.0
298,INFO,IHS Markit Ltd,Industrials,-43.0,-20.0,134.0,17.0,8.0
299,MSI,Motorola Solutions Inc,Information Technology,-23.0,-24.0,-35.0,-54.0,-65.0
300,STZ,Constellation Brands Inc,Consumer Staples,-13.0,19.0,-15.0,-11.0,-31.0
301,VNT,Vontier Corp,Information Technology,61.0,1.0,52.0,26.0,64.0
302,AIG,American International Group Inc,Financials,220.0,-67.0,-42.0,-17.0,131.0
303,SCHW,Charles Schwab Corp,Financials,-11.0,121.0,-2.0,69.0,14.0
304,IQV,IQVIA Holdings Inc,Health Care,-30.0,-13.0,-18.0,-40.0,-58.0
305,DE,Deere & Co,Industrials,-26.0,209.0,69.0,159.0,69.0
306,DFS,Discover Financial Services,Financials,283.0,68.0,21.0,125.0,267.0
307,BBY,Best Buy Co Inc,Consumer Discretionary,57.0,-38.0,207.0,64.0,128.0
308,DG,Dollar General Corp,Consumer Discretionary,-8.0,-22.0,82.0,3.0,11.0
309,EXC,Exelon Corp,Utilities,60.0,-69.0,-47.0,-67.0,-14.0
310,MNST,Monster Beverage Corp,Consumer Staples,-59.0,27.0,233.0,89.0,63.0
311,AMD,Advanced Micro Devices Inc,Information Technology,-68.0,71.0,209.0,108.0,58.0
312,KMB,Kimberly-Clark Corp,Consumer Staples,-11.0,-82.0,-27.0,-89.0,-71.0
313,WRB,W. R. Berkley Corp,Financials,42.0,-93.0,72.0,-39.0,24.0
314,TFX,Teleflex Inc,Health Care,-53.0,-49.0,19.0,-57.0,-72.0
315,F,Ford Motor Co,Consumer Discretionary,42.0,116.0,-100.0,38.0,7.0
316,HWM,Howmet Aerospace Inc,Industrials,-1.0,128.0,-47.0,57.0,2.0
317,D,Dominion Energy Inc,Utilities,7.0,-122.0,-65.0,-129.0,-90.0
318,CFG,Citizens Financial Group Inc,Financials,259.0,71.0,-89.0,73.0,189.0
319,ANET,Arista Networks Inc,Information Technology,-48.0,145.0,111.0,124.0,49.0
320,MCO,Moody's Corp,Financials,-50.0,-86.0,16.0,-84.0,-84.0
321,MPC,Marathon Petroleum Corp,Energy,-15.0,-5.0,-138.0,-82.0,-106.0
322,DHI,D.R. Horton Inc,Consumer Discretionary,161.0,10.0,95.0,80.0,178.0
323,TFC,Truist Financial Corp,Financials,100.0,-17.0,-13.0,-4.0,58.0
324,AES,AES Corp,Utilities,12.0,121.0,-71.0,46.0,-2.0
325,ODFL,Old Dominion Freight Line Inc,Industrials,-40.0,9.0,149.0,45.0,29.0
326,MOS,Mosaic Co,Materials,86.0,233.0,-21.0,169.0,129.0
327,ETR,Entergy Corp,Utilities,28.0,-144.0,-64.0,-138.0,-78.0
328,NCLH,Norwegian Cruise Line Holdings Ltd,Consumer Discretionary,-252.0,-2.0,-557.0,-331.0,-536.0
329,COF,Capital One Financial Corp,Financials,215.0,104.0,-45.0,104.0,185.0
330,QRVO,Qorvo Inc,Information Technology,-5.0,166.0,75.0,136.0,76.0
331,A,Agilent Technologies Inc,Health Care,-53.0,81.0,95.0,70.0,15.0
332,JKHY,Jack Henry & Associates Inc,Information Technology,-47.0,-110.0,149.0,-43.0,-20.0
333,AVGO,Broadcom Inc,Information Technology,-4.0,134.0,-13.0,76.0,19.0
334,MET,MetLife Inc,Financials,274.0,12.0,2.0,74.0,230.0
335,CAH,Cardinal Health Inc,Health Care,108.0,-34.0,-61.0,-35.0,33.0
336,DRE,Duke Realty Corp,Real Estate,-63.0,-53.0,-4.0,-73.0,-95.0
337,ARE,Alexandria Real Estate Equities Inc,Real Estate,-61.0,-49.0,-18.0,-76.0,-99.0
338,BK,Bank of New York Mellon Corp,Financials,14.0,-28.0,16.0,-24.0,-7.0
339,NUE,Nucor Corp,Materials,86.0,-36.0,-95.0,-57.0,-5.0
340,DUK,Duke Energy Corp,Utilities,24.0,-42.0,-51.0,-60.0,-38.0
341,UPS,United Parcel Service Inc,Industrials,-17.0,30.0,-40.0,-15.0,-44.0
342,SO,Southern Co,Utilities,6.0,-76.0,-48.0,-89.0,-65.0
343,SYK,Stryker Corp,Health Care,-28.0,-35.0,47.0,-28.0,-30.0
344,BSX,Boston Scientific Corp,Health Care,-26.0,-110.0,33.0,-88.0,-63.0
345,UA,Under Armour Inc,Consumer Discretionary,-75.0,28.0,43.0,2.0,-51.0
346,CME,CME Group Inc,Financials,-35.0,6.0,64.0,7.0,-13.0
347,SWK,Stanley Black & Decker Inc,Industrials,26.0,-54.0,18.0,-38.0,-4.0
348,PH,Parker-Hannifin Corp,Industrials,-8.0,99.0,19.0,63.0,20.0
349,RL,Ralph Lauren Corp,Consumer Discretionary,60.0,75.0,14.0,63.0,69.0
350,CARR,Carrier Global Corp,Industrials,2.0,55.0,5.0,28.0,6.0
351,PNR,Pentair PLC,Industrials,-8.0,13.0,31.0,5.0,-5.0
352,POOL,Pool Corp,Consumer Discretionary,-71.0,33.0,-25.0,-22.0,-82.0
353,ROK,Rockwell Automation Inc,Industrials,-48.0,-6.0,84.0,4.0,-18.0
354,VRSK,Verisk Analytics Inc,Industrials,-62.0,-40.0,-1.0,-62.0,-88.0
355,STT,State Street Corp,Financials,113.0,-25.0,21.0,9.0,84.0
356,FOX,Fox Corp,Communication Services,82.0,-20.0,-37.0,-21.0,28.0
357,IT,Gartner Inc,Information Technology,-64.0,5.0,-36.0,-45.0,-92.0
358,SYY,Sysco Corp,Consumer Staples,-22.0,7.0,37.0,0.0,-15.0
359,USB,U.S. Bancorp,Financials,156.0,-45.0,-11.0,-7.0,98.0
360,AWK,American Water Works Company Inc,Utilities,-50.0,-20.0,-18.0,-51.0,-79.0
361,MAS,Masco Corp,Industrials,4.0,-67.0,-8.0,-66.0,-42.0
362,VRTX,Vertex Pharmaceuticals Inc,Health Care,-10.0,-56.0,238.0,45.0,79.0
363,SNA,Snap-On Inc,Industrials,20.0,17.0,50.0,25.0,32.0
364,PKI,PerkinElmer Inc,Health Care,-10.0,88.0,85.0,83.0,50.0
365,NLOK,NortonLifeLock Inc,Information Technology,15.0,-9.0,-55.0,-41.0,-37.0
366,OKE,ONEOK Inc,Energy,33.0,-26.0,-118.0,-75.0,-60.0
367,CMI,Cummins Inc,Industrials,10.0,41.0,39.0,35.0,27.0
368,GPC,Genuine Parts Co,Consumer Discretionary,24.0,-76.0,-3.0,-64.0,-25.0
369,ADI,Analog Devices Inc,Information Technology,-33.0,77.0,102.0,75.0,34.0
370,FMC,FMC Corp,Materials,10.0,-56.0,26.0,-41.0,-15.0
371,PM,Philip Morris International Inc,Consumer Staples,11.0,-33.0,4.0,-34.0,-18.0
372,CLX,Clorox Co,Consumer Staples,-37.0,5.0,20.0,-13.0,-39.0
373,ISRG,Intuitive Surgical Inc,Health Care,-79.0,-5.0,54.0,-18.0,-61.0
374,NVDA,NVIDIA Corp,Information Technology,-85.0,115.0,172.0,118.0,39.0
375,BWA,Borgwarner Inc,Consumer Discretionary,129.0,-6.0,21.0,27.0,105.0
376,HCA,HCA Healthcare Inc,Health Care,36.0,35.0,-94.0,-20.0,-23.0
377,AEE,Ameren Corp,Utilities,18.0,-119.0,-26.0,-106.0,-57.0
378,TYL,Tyler Technologies Inc,Information Technology,-94.0,57.0,118.0,50.0,-18.0
379,BKNG,Booking Holdings Inc,Consumer Discretionary,-57.0,-4.0,209.0,56.0,41.0
380,AAP,Advance Auto Parts Inc,Consumer Discretionary,47.0,-76.0,48.0,-35.0,23.0
381,GWW,W W Grainger Inc,Industrials,-10.0,-37.0,6.0,-42.0,-37.0
382,LEN,Lennar Corp,Consumer Discretionary,173.0,-1.0,16.0,41.0,143.0
383,MXIM,Maxim Integrated Products Inc,Information Technology,-51.0,99.0,186.0,122.0,70.0
384,MO,Altria Group Inc,Consumer Staples,86.0,-55.0,-23.0,-39.0,26.0
385,OTIS,Otis Worldwide Corp,Industrials,-29.0,-43.0,164.0,17.0,28.0
386,IVZ,Invesco Ltd,Financials,152.0,240.0,-67.0,173.0,166.0
387,MDT,Medtronic PLC,Health Care,-7.0,-30.0,37.0,-22.0,-15.0
388,PFE,Pfizer Inc,Health Care,40.0,-37.0,-14.0,-36.0,-3.0
389,SYF,Synchrony Financial,Financials,342.0,45.0,-16.0,110.0,291.0
390,XYL,Xylem Inc,Industrials,-56.0,25.0,-18.0,-20.0,-68.0
391,GOOGL,Alphabet Inc,Communication Services,-43.0,57.0,174.0,89.0,57.0
392,KR,Kroger Co,Consumer Staples,73.0,27.0,-28.0,14.0,42.0
393,INTU,Intuit Inc,Information Technology,-65.0,25.0,65.0,13.0,-32.0
394,PSX,Phillips 66,Energy,99.0,4.0,-105.0,-29.0,15.0
395,MKC,McCormick & Company Inc,Consumer Staples,-49.0,-56.0,-30.0,-83.0,-98.0
396,DAL,Delta Air Lines Inc,Industrials,89.0,-14.0,-256.0,-111.0,-80.0
397,CHTR,Charter Communications Inc,Communication Services,1.0,-3.0,170.0,57.0,72.0
398,CE,Celanese Corp,Materials,47.0,-3.0,-1.0,-4.0,22.0
399,HSIC,Henry Schein Inc,Health Care,18.0,-75.0,38.0,-47.0,-9.0
400,AME,AMETEK Inc,Industrials,-41.0,18.0,32.0,0.0,-31.0
401,ETN,Eaton Corporation PLC,Industrials,-26.0,20.0,-11.0,-12.0,-39.0
402,MKTX,Marketaxess Holdings Inc,Financials,-89.0,27.0,104.0,24.0,-32.0
403,NWS,News Corp,Communication Services,7.0,178.0,242.0,221.0,180.0
404,STE,Steris plc,Health Care,-26.0,15.0,37.0,5.0,-16.0
405,IPGP,IPG Photonics Corp,Information Technology,-65.0,118.0,203.0,140.0,74.0
406,DHR,Danaher Corp,Health Care,-47.0,46.0,66.0,33.0,-9.0
407,HPQ,HP Inc,Information Technology,89.0,108.0,-160.0,20.0,14.0
408,UAA,Under Armour Inc,Consumer Discretionary,-75.0,49.0,-64.0,-29.0,-101.0
409,PLD,Prologis Inc,Real Estate,-61.0,-69.0,4.0,-81.0,-94.0
410,HII,Huntington Ingalls Industries Inc,Industrials,32.0,-114.0,-23.0,-98.0,-42.0
411,LUMN,Lumen Technologies Inc,Communication Services,150.0,80.0,-69.0,57.0,106.0
412,NTAP,NetApp Inc,Information Technology,11.0,187.0,-56.0,100.0,29.0
413,CAT,Caterpillar Inc,Industrials,-12.0,86.0,-48.0,23.0,-23.0
414,CPB,Campbell Soup Co,Consumer Staples,10.0,-33.0,-25.0,-46.0,-33.0
415,NEM,Newmont Corporation,Materials,91.0,-31.0,245.0,95.0,181.0
416,PFG,Principal Financial Group Inc,Financials,214.0,-35.0,-21.0,13.0,148.0
417,WST,West Pharmaceutical Services Inc,Health Care,-88.0,108.0,149.0,103.0,22.0
418,YUM,Yum! Brands Inc,Consumer Discretionary,-64.0,-58.0,-444.0,-267.0,-330.0
419,HFC,HollyFrontier Corp,Energy,43.0,20.0,-135.0,-46.0,-44.0
420,AMP,Ameriprise Financial Inc,Financials,87.0,35.0,14.0,42.0,79.0
421,UDR,UDR Inc,Real Estate,-91.0,-26.0,-46.0,-80.0,-131.0
422,AMT,American Tower Corp,Real Estate,-73.0,-99.0,-2.0,-108.0,-118.0
423,HD,Home Depot Inc,Consumer Discretionary,-30.0,-52.0,-31.0,-75.0,-79.0
424,LVS,Las Vegas Sands Corp,Consumer Discretionary,18.0,-91.0,-82.0,-111.0,-78.0
425,IP,International Paper Co,Materials,79.0,62.0,-53.0,30.0,45.0
426,TROW,T. Rowe Price Group Inc,Financials,54.0,24.0,249.0,126.0,170.0
427,GD,General Dynamics Corp,Industrials,53.0,-80.0,-24.0,-68.0,-12.0
428,TSCO,Tractor Supply Co,Consumer Discretionary,-7.0,20.0,65.0,26.0,17.0
429,FBHS,Fortune Brands Home & Security Inc,Industrials,4.0,-28.0,-2.0,-35.0,-26.0
430,COO,Cooper Companies Inc,Health Care,-44.0,26.0,57.0,16.0,-18.0
431,DOV,Dover Corp,Industrials,-1.0,-55.0,-9.0,-59.0,-43.0
432,GLW,Corning Inc,Information Technology,59.0,8.0,-16.0,1.0,29.0
433,CNP,CenterPoint Energy Inc,Utilities,57.0,-108.0,-121.0,-129.0,-70.0
434,BKR,Baker Hughes Co,Energy,59.0,43.0,-16.0,27.0,41.0
435,RCL,Royal Caribbean Cruises Ltd,Consumer Discretionary,-245.0,-114.0,-366.0,-326.0,-469.0
436,EOG,EOG Resources Inc,Energy,86.0,12.0,-40.0,2.0,42.0
437,VTRS,Viatris Inc,Health Care,284.0,-46.0,-1.0,34.0,216.0
438,URI,United Rentals Inc,Industrials,67.0,164.0,-87.0,86.0,53.0
439,DXCM,DexCom Inc,Health Care,-109.0,8.0,155.0,27.0,-29.0
440,GM,General Motors Co,Consumer Discretionary,77.0,265.0,-29.0,187.0,129.0
441,VZ,Verizon Communications Inc,Communication Services,85.0,-66.0,-59.0,-64.0,3.0
442,MU,Micron Technology Inc,Information Technology,106.0,214.0,109.0,218.0,209.0
443,RMD,Resmed Inc,Health Care,-72.0,-8.0,138.0,19.0,-11.0
444,NEE,Nextera Energy Inc,Utilities,-41.0,18.0,-3.0,-15.0,-49.0
445,VLO,Valero Energy Corp,Energy,106.0,-37.0,-133.0,-68.0,-8.0
446,FRT,Federal Realty Investment Trust,Real Estate,-60.0,-38.0,-40.0,-76.0,-105.0
447,LIN,Linde PLC,Materials,-22.0,-23.0,48.0,-17.0,-19.0
448,AOS,A. O. Smith Corp,Industrials,-6.0,-30.0,102.0,6.0,21.0
449,SBAC,SBA Communications Corp,Real Estate,-100.0,-99.0,19.0,-107.0,-132.0
450,FTI,TechnipFMC PLC,Energy,220.0,162.0,-88.0,128.0,187.0
451,RHI,Robert Half International Inc,Industrials,8.0,81.0,65.0,75.0,52.0
452,T,AT&T Inc,Communication Services,121.0,-77.0,-28.0,-48.0,47.0
453,KIM,Kimco Realty Corp,Real Estate,-20.0,116.0,-49.0,42.0,-21.0
454,HIG,Hartford Financial Services Group Inc,Financials,152.0,-26.0,-11.0,6.0,101.0
455,VAR,Varian Medical Systems Inc,Health Care,-42.0,23.0,19.0,-2.0,-37.0
456,IEX,IDEX Corp,Industrials,-51.0,-7.0,71.0,-4.0,-28.0
457,CBRE,CBRE Group Inc,Real Estate,7.0,33.0,28.0,24.0,15.0
458,IRM,Iron Mountain Inc,Real Estate,-42.0,42.0,-9.0,-0.0,-45.0
459,TWTR,Twitter Inc,Communication Services,-78.0,50.0,10.0,3.0,-64.0
460,DIS,Walt Disney Co,Communication Services,-46.0,143.0,177.0,152.0,86.0
461,MA,Mastercard Inc,Information Technology,-63.0,-58.0,260.0,38.0,44.0
462,EXPD,Expeditors International of Washington Inc,Industrials,-19.0,-18.0,144.0,29.0,35.0
463,BAX,Baxter International Inc,Health Care,-26.0,-99.0,66.0,-65.0,-41.0
464,ROL,Rollins Inc,Industrials,-82.0,5.0,49.0,-14.0,-62.0
465,CTSH,Cognizant Technology Solutions Corp,Information Technology,4.0,23.0,65.0,31.0,28.0
466,FISV,Fiserv Inc,Information Technology,4.0,-68.0,53.0,-40.0,-10.0
467,PPG,PPG Industries Inc,Materials,22.0,-5.0,24.0,-2.0,13.0
468,LYV,Live Nation Entertainment Inc,Communication Services,-146.0,47.0,-56.0,-47.0,-160.0
469,TPR,Tapestry Inc,Consumer Discretionary,72.0,259.0,196.0,278.0,241.0
470,EMN,Eastman Chemical Co,Materials,57.0,62.0,-39.0,29.0,33.0
471,BLL,Ball Corp,Materials,-41.0,-3.0,-8.0,-33.0,-60.0
472,VMC,Vulcan Materials Co,Materials,-32.0,-8.0,22.0,-20.0,-38.0
473,ACN,Accenture PLC,Information Technology,-37.0,2.0,206.0,66.0,60.0
474,OMC,Omnicom Group Inc,Communication Services,78.0,26.0,-44.0,7.0,36.0
475,ADM,Archer-Daniels-Midland Co,Consumer Staples,63.0,-11.0,19.0,4.0,44.0
476,EIX,Edison International,Utilities,67.0,-80.0,-25.0,-64.0,0.0
477,NWL,Newell Brands Inc,Consumer Discretionary,38.0,125.0,-45.0,67.0,35.0
478,LH,Laboratory Corporation of America Holdings,Health Care,66.0,22.0,18.0,28.0,58.0
479,UHS,Universal Health Services Inc,Health Care,95.0,-46.0,-11.0,-25.0,43.0
480,WU,Western Union Co,Information Technology,49.0,-94.0,-31.0,-82.0,-24.0
481,DVA,DaVita Inc,Health Care,32.0,121.0,26.0,93.0,67.0
482,RSG,Republic Services Inc,Industrials,-11.0,-49.0,-17.0,-60.0,-54.0
483,HUM,Humana Inc,Health Care,13.0,-91.0,62.0,-50.0,-5.0
484,WMB,Williams Companies Inc,Energy,31.0,-39.0,-66.0,-63.0,-40.0
485,LYB,LyondellBasell Industries NV,Materials,116.0,3.0,-60.0,-5.0,54.0
486,AMZN,Amazon.com Inc,Consumer Discretionary,-87.0,60.0,205.0,92.0,35.0
487,CRM,Salesforce.Com Inc,Information Technology,-91.0,-12.0,95.0,-9.0,-53.0
488,TRV,Travelers Companies Inc,Financials,81.0,-10.0,-8.0,-2.0,46.0
489,AAPL,Apple Inc,Information Technology,-59.0,126.0,156.0,127.0,58.0
490,CVS,CVS Health Corp,Health Care,115.0,28.0,-37.0,23.0,74.0
491,CL,Colgate-Palmolive Co,Consumer Staples,-30.0,-18.0,38.0,-20.0,-31.0
492,ETSY,ETSY Inc,Consumer Discretionary,-102.0,569.0,274.0,486.0,239.0
493,JCI,Johnson Controls International PLC,Industrials,18.0,61.0,36.0,50.0,38.0
494,CHD,Church & Dwight Co Inc,Consumer Staples,-35.0,-26.0,36.0,-29.0,-40.0
495,EXPE,Expedia Group Inc,Consumer Discretionary,-74.0,69.0,-151.0,-52.0,-140.0
496,COP,ConocoPhillips,Energy,85.0,-32.0,-111.0,-61.0,-13.0
497,SNPS,Synopsys Inc,Information Technology,-64.0,120.0,88.0,92.0,15.0
498,CF,CF Industries Holdings Inc,Materials,-10.0,116.0,-19.0,58.0,4.0
499,ALXN,Alexion Pharmaceuticals Inc,Health Care,54.0,169.0,72.0,154.0,128.0
500,CI,Cigna Corp,Health Care,68.0,43.0,-1.0,36.0,57.0
501,FIS,Fidelity National Information Services Inc,Information Technology,9.0,-122.0,25.0,-89.0,-40.0
502,FTNT,Fortinet Inc,Information Technology,-70.0,38.0,147.0,57.0,12.0
503,TXN,Texas Instruments Inc,Information Technology,-38.0,65.0,153.0,88.0,52.0
504,CTAS,Cintas Corp,Industrials,-52.0,-53.0,32.0,-55.0,-66.0
